Number,JD,Date,Greatest eclipse,DeltaT,Luna number,Saros number,Type,QSE
09420,2415183.64418,1900 Jun 13,03:27:37,-2,-1232,138,Nx,t-
09421,2415359.93506,1900 Dec 06,10:26:29,-1,-1226,143,N,a-
09422,2415508.27127,1901 May 03,18:30:38,-1,-1221,110,Nx,-t
09423,2415685.13563,1901 Oct 27,15:15:18,-0,-1215,115,P,-a
09424,2415862.28657,1902 Apr 22,18:52:40,0,-1209,120,T-,pp
09425,2416039.75238,1902 Oct 17,06:03:26,1,-1203,125,T+,-p
09426,2416216.50902,1903 Apr 12,00:12:59,2,-1197,130,P,a-
09427,2416394.13719,1903 Oct 06,15:17:33,2,-1191,135,P,t-
09428,2416541.62678,1904 Mar 02,03:02:34,3,-1186,102,N,-a
09429,2416571.02255,1904 Mar 31,12:32:28,3,-1185,140,N,a-
09430,2416748.23245,1904 Sep 24,17:34:44,3,-1179,145,N,t-
09431,2416896.29169,1905 Feb 19,19:00:02,4,-1174,112,P,-a
09432,2417072.65346,1905 Aug 15,03:40:59,5,-1168,117,P,-t
09433,2417250.82428,1906 Feb 09,07:46:58,5,-1162,122,T-,-p
09434,2417427.04178,1906 Aug 04,13:00:10,6,-1156,127,T+,pp
09435,2417605.06806,1907 Jan 29,13:38:00,6,-1150,132,P,t-
09436,2417781.68226,1907 Jul 25,04:22:27,7,-1144,137,P,a-
09437,2417959.05667,1908 Jan 18,13:21:36,8,-1138,142,N,t-
09438,2418107.08787,1908 Jun 14,14:06:32,8,-1133,109,N,-a
09439,2418136.39855,1908 Jul 13,21:33:55,8,-1132,147,N,a-
09440,2418283.4133,1908 Dec 07,21:55:09,9,-1127,114,Nx,-h
09441,2418461.5617,1909 Jun 04,01:28:51,10,-1121,119,T,-h
09442,2418637.87131,1909 Nov 27,08:54:41,10,-1115,124,T-,-p
09443,2418815.73213,1910 May 24,05:34:16,11,-1109,129,T,t-
09444,2418992.51449,1910 Nov 17,00:20:52,12,-1103,134,T,p-
09445,2419169.7475,1911 May 13,05:56:24,12,-1097,139,N,t-
09446,2419347.15052,1911 Nov 06,15:36:45,13,-1091,144,N,a-
09447,2419494.42657,1912 Apr 01,22:14:16,13,-1086,111,P,-h
09448,2419671.98947,1912 Sep 26,11:44:50,14,-1080,116,P,-t
09449,2419848.99848,1913 Mar 22,11:57:49,15,-1074,121,T+,-p
09450,2420026.03355,1913 Sep 15,12:48:19,15,-1068,126,T-,pp
09451,2420203.67579,1914 Mar 12,04:13:08,16,-1062,131,P,a-
09452,2420380.07983,1914 Sep 04,13:54:57,17,-1056,136,P,t-
09453,2420528.70674,1915 Jan 31,04:57:42,17,-1051,103,N,-a
09454,2420558.26356,1915 Mar 01,18:19:32,17,-1050,141,N,a-
09455,2420705.01712,1915 Jul 26,12:24:39,18,-1045,108,N,-a
09456,2420734.39395,1915 Aug 24,21:27:17,18,-1044,146,N,a-
09457,2420882.86089,1916 Jan 20,08:39:41,18,-1039,113,P,-t
09458,2421059.69869,1916 Jul 15,04:46:07,19,-1033,118,P,-a
09459,2421236.82278,1917 Jan 08,07:44:48,19,-1027,123,T+,pp
09460,2421414.40213,1917 Jul 04,21:39:04,20,-1021,128,T+,pp
09461,2421590.90731,1917 Dec 28,09:46:32,20,-1015,133,T,a-
09462,2421768.93615,1918 Jun 24,10:28:03,20,-1009,138,P,t-
09463,2421945.29584,1918 Dec 17,19:06:01,21,-1003,143,N,a-
09464,2422093.55139,1919 May 15,01:14:00,21,-998,110,N,-t
09465,2422270.48921,1919 Nov 07,23:44:28,21,-992,115,P,-a
09466,2422447.57718,1920 May 03,01:51:08,21,-986,120,T,-p
09467,2422625.09141,1920 Oct 27,14:11:38,22,-980,125,T+,-p
09468,2422801.82267,1921 Apr 22,07:44:39,22,-974,130,T,a-
09469,2422979.45416,1921 Oct 16,22:53:59,22,-968,135,P,t-
09470,2423126.97833,1922 Mar 13,11:28:48,23,-963,102,N,-a
09471,2423156.35569,1922 Apr 11,20:32:12,23,-962,140,N,a-
09472,2423333.53044,1922 Oct 06,00:43:50,23,-956,145,N,t-
09473,2423481.64733,1923 Mar 03,03:32:09,23,-951,112,P,-a
09474,2423657.94435,1923 Aug 26,10:39:52,23,-945,117,P,-t
09475,2423836.17286,1924 Feb 20,16:08:55,24,-939,122,T-,-p
09476,2424012.34757,1924 Aug 14,20:20:30,24,-933,127,T+,pp
09477,2424190.40442,1925 Feb 08,21:42:22,24,-927,132,P,t-
09478,2424366.9951,1925 Aug 04,11:52:57,24,-921,137,P,a-
09479,2424544.38917,1926 Jan 28,21:20:24,24,-915,142,N,t-
09480,2424692.39244,1926 Jun 25,21:25:07,24,-910,109,N,-a
09481,2424721.70847,1926 Jul 25,05:00:12,24,-909,147,N,a-
09482,2424868.76397,1926 Dec 19,06:20:07,24,-904,114,Nx,-a
09483,2425046.85047,1927 Jun 15,08:24:41,24,-898,119,T,-t
09484,2425223.23275,1927 Dec 08,17:35:10,24,-892,124,T,-p
09485,2425401.00691,1928 Jun 03,12:09:57,24,-886,129,T,tp
09486,2425577.87624,1928 Nov 27,09:01:47,24,-880,134,T,p-
09487,2425755.02622,1929 May 23,12:37:45,24,-874,139,N,t-
09488,2425932.50223,1929 Nov 17,00:03:13,24,-868,144,N,a-
09489,2426079.74924,1930 Apr 13,05:58:54,24,-863,111,P,-h
09490,2426257.29664,1930 Oct 07,19:07:10,24,-857,116,P,-t
09491,2426434.33883,1931 Apr 02,20:07:55,24,-851,121,T+,-p
09492,2426611.32534,1931 Sep 26,19:48:29,24,-845,126,T-,pp
09493,2426789.02267,1932 Mar 22,12:32:39,24,-839,131,P,a-
09494,2426965.37569,1932 Sep 14,21:01:00,24,-833,136,P,t-
09495,2427114.05385,1933 Feb 10,13:17:33,24,-828,103,N,-a
09496,2427143.60628,1933 Mar 12,02:33:03,24,-827,141,N,a-
09497,2427290.32367,1933 Aug 05,19:46:05,24,-822,108,N,-a
09498,2427319.70301,1933 Sep 04,04:52:20,24,-821,146,N,a-
09499,2427468.19632,1934 Jan 30,16:42:42,24,-816,113,P,-t
09500,2427645.01086,1934 Jul 26,12:15:38,24,-810,118,P,-a
09501,2427822.15804,1935 Jan 19,15:47:35,24,-804,123,T+,pp
09502,2427999.70839,1935 Jul 16,05:00:05,24,-798,128,T+,pp
09503,2428176.25692,1936 Jan 08,18:09:58,24,-792,133,T,a-
09504,2428354.22596,1936 Jul 04,17:25:23,24,-786,138,P,t-
09505,2428530.65913,1936 Dec 28,03:49:09,24,-780,143,N,a-
09506,2428678.82748,1937 May 25,07:51:34,24,-775,110,N,-t
09507,2428855.84683,1937 Nov 18,08:19:26,24,-769,115,P,-a
09508,2429032.86389,1938 May 14,08:44:00,24,-763,120,T,-t
09509,2429210.43521,1938 Nov 07,22:26:42,24,-757,125,T,-p
09510,2429387.13314,1939 May 03,15:11:43,24,-751,130,T,a-
09511,2429564.7755,1939 Oct 28,06:36:43,24,-745,135,P,t-
09512,2429712.32522,1940 Mar 23,19:48:19,24,-740,102,N,-a
09513,2429741.68501,1940 Apr 22,04:26:25,25,-739,140,N,a-
09514,2429918.83422,1940 Oct 16,08:01:17,25,-733,145,N,t-
09515,2430066.99707,1941 Mar 13,11:55:47,25,-728,112,P,-a
09516,2430243.24115,1941 Sep 05,17:47:15,25,-722,117,P,-t
09517,2430421.51521,1942 Mar 03,00:21:54,25,-716,122,T-,-p
09518,2430597.65862,1942 Aug 26,03:48:25,26,-710,127,T+,pp
09519,2430775.73499,1943 Feb 20,05:38:23,26,-704,132,P,t-
09520,2430952.31164,1943 Aug 15,19:28:46,26,-698,137,P,a-
09521,2431129.71872,1944 Feb 09,05:14:57,26,-692,142,N,t-
09522,2431277.69446,1944 Jul 06,04:40:01,27,-687,109,N,-a
09523,2431307.01865,1944 Aug 04,12:26:51,27,-686,147,N,a-
09524,2431454.11777,1944 Dec 29,14:49:35,27,-681,114,Nx,-a
09525,2431632.13498,1945 Jun 25,15:14:22,27,-675,119,P,-t
09526,2431808.59777,1945 Dec 19,02:20:47,27,-669,124,T,-p
09527,2431986.27728,1946 Jun 14,18:39:17,28,-663,129,T-,pp
09528,2432163.24199,1946 Dec 08,17:48:28,28,-657,134,T,p-
09529,2432340.30259,1947 Jun 03,19:15:44,28,-651,139,P,t-
09530,2432517.85728,1947 Nov 28,08:34:29,28,-645,144,N,a-
09531,2432665.06896,1948 Apr 23,13:39:18,28,-640,111,P,-a
09532,2432842.60811,1948 Oct 18,02:35:41,29,-634,116,Nx,-t
09533,2433019.67459,1949 Apr 13,04:11:25,29,-628,121,T+,-p
09534,2433196.62286,1949 Oct 07,02:56:55,29,-622,126,T,-p
09535,2433374.36428,1950 Apr 02,20:44:34,29,-616,131,T,a-
09536,2433550.6786,1950 Sep 26,04:17:11,29,-610,136,T,t-
09537,2433728.94274,1951 Mar 23,10:37:33,30,-604,141,N,a-
09538,2433875.63517,1951 Aug 17,03:14:39,30,-599,108,N,-a
09539,2433905.01882,1951 Sep 15,12:27:06,30,-598,146,N,a-
09540,2434053.52764,1952 Feb 11,00:39:48,30,-593,113,P,-t
09541,2434230.32494,1952 Aug 05,19:47:55,30,-587,118,P,-a
09542,2434407.49154,1953 Jan 29,23:47:49,30,-581,123,T+,-p
09543,2434585.0147,1953 Jul 26,12:21:10,30,-575,128,T-,pp
09544,2434761.6058,1954 Jan 19,02:32:21,31,-569,133,T,a-
09545,2434939.51448,1954 Jul 16,00:20:51,31,-563,138,P,t-
09546,2435116.02315,1955 Jan 08,12:33:20,31,-557,143,N,a-
09547,2435264.09957,1955 Jun 05,14:23:23,31,-552,110,N,-t
09548,2435441.20833,1955 Nov 29,17:00:00,31,-546,115,P,-a
09549,2435618.14713,1956 May 24,15:31:52,32,-540,120,P,-t
09550,2435795.78352,1956 Nov 18,06:48:16,32,-534,125,T,-p
09551,2435972.43852,1957 May 13,22:31:28,32,-528,130,T,a-
09552,2436150.10243,1957 Nov 07,14:27:30,32,-522,135,T,t-
09553,2436297.66684,1958 Apr 04,04:00:15,32,-517,102,Ne,-a
09554,2436327.00936,1958 May 03,12:13:29,32,-516,140,P,a-
09555,2436504.14433,1958 Oct 27,15:27:50,33,-510,145,N,t-
09556,2436652.34163,1959 Mar 24,20:11:57,33,-505,112,P,-a
09557,2436828.54418,1959 Sep 17,01:03:37,33,-499,117,N,-t
09558,2437006.85302,1960 Mar 13,08:28:21,33,-493,122,T-,-p
09559,2437182.97351,1960 Sep 05,11:21:51,33,-487,127,T+,-p
09560,2437361.06157,1961 Mar 02,13:28:40,34,-481,132,P,t-
09561,2437537.63115,1961 Aug 26,03:08:51,34,-475,137,P,a-
09562,2437715.04424,1962 Feb 19,13:03:42,34,-469,142,N,t-
09563,2437862.9964,1962 Jul 17,11:54:49,34,-464,109,N,-a
09564,2437892.3316,1962 Aug 15,19:57:30,34,-463,147,N,a-
09565,2438039.47201,1963 Jan 09,23:19:42,35,-458,114,Nx,-a
09566,2438217.41874,1963 Jul 06,22:02:59,35,-452,119,P,-t
09567,2438393.96348,1963 Dec 30,11:07:25,35,-446,124,T,-p
09568,2438571.54641,1964 Jun 25,01:06:50,35,-440,129,T-,pp
09569,2438748.60965,1964 Dec 19,02:37:54,36,-434,134,T,p-
09570,2438925.576,1965 Jun 14,01:49:26,36,-428,139,P,t-
09571,2439103.21565,1965 Dec 08,17:10:32,36,-422,144,N,a-
09572,2439250.3834,1966 May 04,21:12:06,37,-417,111,N,-a
09573,2439427.92561,1966 Oct 29,10:12:53,37,-411,116,N,-t
09574,2439605.00491,1967 Apr 24,12:07:04,38,-405,121,T,-p
09575,2439781.92764,1967 Oct 18,10:15:48,38,-399,126,T,-t
09576,2439959.70001,1968 Apr 13,04:48:01,39,-393,131,T,p-
09577,2440135.98791,1968 Oct 06,11:42:35,39,-387,136,T,t-
09578,2440314.27299,1969 Apr 02,18:33:06,39,-381,141,N,a-
09579,2440460.95017,1969 Aug 27,10:48:15,40,-376,108,Ne,-a
09580,2440490.3405,1969 Sep 25,20:10:19,40,-375,146,N,a-
09581,2440638.85466,1970 Feb 21,08:30:43,40,-370,113,P,-t
09582,2440815.64174,1970 Aug 17,03:24:06,41,-364,118,P,-a
09583,2440992.82316,1971 Feb 10,07:45:21,41,-358,123,T,-p
09584,2441170.32213,1971 Aug 06,19:43:52,42,-352,128,T-,pp
09585,2441346.95422,1972 Jan 30,10:54:05,42,-346,133,T,a-
09586,2441524.80303,1972 Jul 26,07:16:22,43,-340,138,P,t-
09587,2441701.38748,1973 Jan 18,21:17:58,43,-334,143,N,a-
09588,2441849.36853,1973 Jun 15,20:50:41,44,-329,110,N,-t
09589,2441878.98564,1973 Jul 15,11:39:19,44,-328,148,Nb,t-
09590,2442026.57299,1973 Dec 10,01:45:06,44,-323,115,P,-a
09591,2442203.42829,1974 Jun 04,22:16:44,45,-317,120,P,-t
09592,2442381.1348,1974 Nov 29,15:14:07,45,-311,125,T,-p
09593,2442557.74221,1975 May 25,05:48:47,46,-305,130,T+,p-
09594,2442735.43347,1975 Nov 18,22:24:12,46,-299,135,T,p-
09595,2442912.32995,1976 May 13,19:55:08,47,-293,140,P,a-
09596,2443089.45971,1976 Nov 06,23:01:59,47,-287,145,N,t-
09597,2443237.67991,1977 Apr 04,04:19:04,48,-282,112,P,-a
09598,2443413.85426,1977 Sep 27,08:30:08,48,-276,117,N,-t
09599,2443592.18277,1978 Mar 24,16:23:11,49,-270,122,T-,-p
09600,2443768.29515,1978 Sep 16,19:05:01,49,-264,127,T,-p
09601,2443946.38116,1979 Mar 13,21:08:52,50,-258,132,P,t-
09602,2444122.95488,1979 Sep 06,10:55:02,50,-252,137,T,a-
09603,2444300.36531,1980 Mar 01,20:46:03,51,-246,142,N,t-
09604,2444448.29791,1980 Jul 27,19:08:59,51,-241,109,N,-a
09605,2444477.64676,1980 Aug 26,03:31:20,51,-240,147,N,a-
09606,2444624.82694,1981 Jan 20,07:50:48,51,-235,114,Nx,-a
09607,2444802.69977,1981 Jul 17,04:47:40,52,-229,119,P,-t
09608,2444979.33106,1982 Jan 09,19:56:44,52,-223,124,T,-p
09609,2445156.81374,1982 Jul 06,07:31:47,53,-217,129,T-,pp
09610,2445333.9789,1982 Dec 30,11:29:37,53,-211,134,T,p-
09611,2445510.84943,1983 Jun 25,08:23:11,53,-205,139,P,t-
09612,2445688.57635,1983 Dec 20,01:49:57,54,-199,144,N,a-
09613,2445835.69517,1984 May 15,04:41:03,54,-194,111,N,-a
09614,2445865.10184,1984 Jun 13,14:26:39,54,-193,149,Nb,a-
09615,2446013.24731,1984 Nov 08,17:56:08,54,-188,116,N,-t
09616,2446190.33147,1985 May 04,19:57:19,55,-182,121,T,-p
09617,2446367.23839,1985 Oct 28,17:43:17,55,-176,126,T,-t
09618,2446545.03021,1986 Apr 24,12:43:30,55,-170,131,T,p-
09619,2446721.30479,1986 Oct 17,19:18:54,55,-164,136,T,h-
09620,2446899.59711,1987 Apr 14,02:19:50,55,-158,141,N,h-
09621,2447075.6684,1987 Oct 07,04:02:30,56,-152,146,N,a-
09622,2447224.17617,1988 Mar 03,16:13:41,56,-147,113,Nx,-t
09623,2447400.96214,1988 Aug 27,11:05:29,56,-141,118,P,-a
09624,2447578.15021,1989 Feb 20,15:36:18,56,-135,123,T,-p
09625,2447755.63133,1989 Aug 17,03:09:07,57,-129,128,T-,-p
09626,2447932.30002,1990 Feb 09,19:12:02,57,-123,133,T,a-
09627,2448110.09255,1990 Aug 06,14:13:16,57,-117,138,P,t-
09628,2448286.74975,1991 Jan 30,05:59:38,58,-111,143,N,a-
09629,2448434.63589,1991 Jun 27,03:15:41,58,-106,110,N,-t
09630,2448464.25613,1991 Jul 26,18:08:50,58,-105,148,N,t-
09631,2448611.94028,1991 Dec 21,10:34:00,58,-100,115,P,-a
09632,2448788.70691,1992 Jun 15,04:57:57,59,-94,120,P,-t
09633,2448966.48964,1992 Dec 09,23:45:05,59,-88,125,T,-p
09634,2449143.04266,1993 Jun 04,13:01:26,59,-82,130,T+,p-
09635,2449320.76882,1993 Nov 29,06:27:06,60,-76,135,T,p-
09636,2449497.64676,1994 May 25,03:31:20,60,-70,140,P,a-
09637,2449674.78118,1994 Nov 18,06:44:54,61,-64,145,N,t-
09638,2449823.01324,1995 Apr 15,12:19:04,61,-59,112,P,-a
09639,2449999.17028,1995 Oct 08,16:05:12,61,-53,117,N,-t
09640,2450177.50749,1996 Apr 04,00:10:47,62,-47,122,T-,-p
09641,2450353.62181,1996 Sep 27,02:55:24,62,-41,127,T,-p
09642,2450531.69477,1997 Mar 24,04:40:28,62,-35,132,P,t-
09643,2450708.28313,1997 Sep 16,18:47:42,63,-29,137,T,p-
09644,2450885.68134,1998 Mar 13,04:21:08,63,-23,142,N,t-
09645,2451033.60135,1998 Aug 08,02:25:57,63,-18,109,N,-a
09646,2451062.9661,1998 Sep 06,11:11:11,63,-17,147,N,a-
09647,2451210.17957,1999 Jan 31,16:18:35,63,-12,114,Nx,-a
09648,2451387.98248,1999 Jul 28,11:34:46,64,-6,119,P,-t
09649,2451564.69762,2000 Jan 21,04:44:34,64,0,124,T,-p
09650,2451742.08101,2000 Jul 16,13:56:39,64,6,129,T+,pp
09651,2451919.34838,2001 Jan 09,20:21:40,64,12,134,T,p-
09652,2452096.12249,2001 Jul 05,14:56:23,64,18,139,P,t-
09653,2452273.93775,2001 Dec 30,10:30:22,64,24,144,N,a-
09654,2452421.00308,2002 May 26,12:04:26,64,29,111,N,-a
09655,2452450.39459,2002 Jun 24,21:28:13,64,30,149,N,a-
09656,2452598.57477,2002 Nov 20,01:47:40,64,35,116,N,-t
09657,2452775.65362,2003 May 16,03:41:13,64,41,121,T,-a
09658,2452952.5553,2003 Nov 09,01:19:38,64,47,126,T,-t
09659,2453130.35506,2004 May 04,20:31:17,65,53,131,T,p-
09660,2453306.6286,2004 Oct 28,03:05:11,65,59,136,T,p-
09661,2453484.91383,2005 Apr 24,09:55:55,65,65,141,N,h-
09662,2453661.00309,2005 Oct 17,12:04:27,65,71,146,P,a-
09663,2453809.49206,2006 Mar 14,23:48:34,65,76,113,Nx,-t
09664,2453986.2864,2006 Sep 07,18:52:25,65,82,118,P,-a
09665,2454163.4736,2007 Mar 03,23:21:59,65,88,123,T,-p
09666,2454340.94337,2007 Aug 28,10:38:27,66,94,128,T-,-p
09667,2454517.64385,2008 Feb 21,03:27:09,66,100,133,T,a-
09668,2454695.38278,2008 Aug 16,21:11:12,66,106,138,P,t-
09669,2454872.11067,2009 Feb 09,14:39:22,66,112,143,N,a-
09670,2455019.90258,2009 Jul 07,09:39:43,66,117,110,N,-t
09671,2455049.52799,2009 Aug 06,00:40:18,66,118,148,N,t-
09672,2455197.30817,2009 Dec 31,19:23:46,67,123,115,P,-a
09673,2455373.98581,2010 Jun 26,11:39:34,67,129,120,P,-t
09674,2455551.84588,2010 Dec 21,08:18:04,67,135,125,T,-p
09675,2455728.34286,2011 Jun 15,20:13:43,67,141,130,T+,pp
09676,2455906.1062,2011 Dec 10,14:32:56,68,147,135,T,p-
09677,2456082.96134,2012 Jun 04,11:04:20,68,153,140,P,a-
09678,2456260.10703,2012 Nov 28,14:34:07,68,159,145,N,t-
09679,2456408.33933,2013 Apr 25,20:08:38,68,164,112,P,-a
09680,2456437.67438,2013 May 25,04:11:06,68,165,150,Nb,a-
09681,2456584.49404,2013 Oct 18,23:51:25,68,170,117,N,-h
09682,2456762.82417,2014 Apr 15,07:46:48,69,176,122,T,-a
09683,2456938.95537,2014 Oct 08,10:55:44,69,182,127,T,-p
09684,2457117.00097,2015 Apr 04,12:01:24,69,188,132,T,t-
09685,2457293.61686,2015 Sep 28,02:48:17,69,194,137,T,p-
09686,2457470.99191,2016 Mar 23,11:48:21,70,200,142,N,t-
09687,2457648.28851,2016 Sep 16,18:55:27,70,206,147,N,a-
09688,2457795.53128,2017 Feb 11,00:45:03,70,211,114,N,-a
09689,2457973.26502,2017 Aug 07,18:21:38,70,217,119,P,-t
09690,2458150.06319,2018 Jan 31,13:31:00,71,223,124,T,-p
09691,2458327.34924,2018 Jul 27,20:22:54,71,229,129,T+,pp
09692,2458504.71767,2019 Jan 21,05:13:27,71,235,134,T,p-
09693,2458681.39716,2019 Jul 16,21:31:55,71,241,139,P,t-
09694,2458859.29943,2020 Jan 10,19:11:11,72,247,144,N,a-
09695,2459006.30988,2020 Jun 05,19:26:14,72,252,111,N,-a
09696,2459035.68833,2020 Jul 05,04:31:12,72,253,149,N,a-
09697,2459183.90557,2020 Nov 30,09:44:01,72,258,116,N,-t
09698,2459360.97214,2021 May 26,11:19:53,72,264,121,T,-a
09699,2459537.87785,2021 Nov 19,09:04:06,73,270,126,P,-t
09700,2459715.67549,2022 May 16,04:12:42,73,276,131,T-,p-
09701,2459891.95859,2022 Nov 08,11:00:22,73,282,136,T+,p-
09702,2460070.22506,2023 May 05,17:24:05,73,288,141,N,h-
09703,2460246.34396,2023 Oct 28,20:15:18,74,294,146,P,a-
09704,2460394.80138,2024 Mar 25,07:13:59,74,299,113,N,-t
09705,2460571.61487,2024 Sep 18,02:45:25,74,305,118,P,-a
09706,2460748.79162,2025 Mar 14,06:59:56,75,311,123,T,-p
09707,2460926.259,2025 Sep 07,18:12:58,75,317,128,T,-p
09708,2461102.98255,2026 Mar 03,11:34:52,75,323,133,T,a-
09709,2461280.67644,2026 Aug 28,04:14:04,75,329,138,P,t-
09710,2461457.46813,2027 Feb 20,23:14:06,76,335,143,N,a-
09711,2461605.16955,2027 Jul 18,16:04:09,76,340,110,Ne,-t
09712,2461634.80207,2027 Aug 17,07:14:59,76,341,148,N,t-
09713,2461782.67654,2028 Jan 12,04:14:13,76,346,115,P,-a
09714,2461959.26455,2028 Jul 06,18:20:57,77,352,120,P,-t
09715,2462137.20365,2028 Dec 31,16:53:15,77,358,125,T,-p
09716,2462313.64123,2029 Jun 26,03:23:22,77,364,130,T+,pp
09717,2462491.44667,2029 Dec 20,22:43:12,78,370,135,T,p-
09718,2462668.274,2030 Jun 15,18:34:34,78,376,140,P,a-
09719,2462845.4367,2030 Dec 09,22:28:51,78,382,145,N,t-
09720,2462993.66113,2031 May 07,03:52:02,78,387,112,N,-a
09721,2463022.98978,2031 Jun 05,11:45:17,78,388,150,N,a-
09722,2463169.82413,2031 Oct 30,07:46:45,79,393,117,N,-h
09723,2463348.13531,2032 Apr 25,15:14:51,79,399,122,T,-a
09724,2463524.29421,2032 Oct 18,19:03:40,79,405,127,T,-p
09725,2463702.30128,2033 Apr 14,19:13:51,80,411,132,T,t-
09726,2463878.95582,2033 Oct 08,10:56:23,80,417,137,T,p-
09727,2464056.29652,2034 Apr 03,19:06:59,80,423,142,N,t-
09728,2464233.6164,2034 Sep 28,02:47:37,81,429,147,P,a-
09729,2464380.87931,2035 Feb 22,09:06:12,81,434,114,N,-a
09730,2464558.55017,2035 Aug 19,01:12:15,81,440,119,P,-t
09731,2464735.42576,2036 Feb 11,22:13:06,82,446,124,T,-p
09732,2464912.61981,2036 Aug 07,02:52:32,82,452,129,T+,pp
09733,2465090.08447,2037 Jan 31,14:01:38,82,458,134,T,p-
09734,2465266.67353,2037 Jul 27,04:09:53,83,464,139,P,t-
09735,2465444.65963,2038 Jan 21,03:49:52,83,470,144,N,a-
09736,2465591.61461,2038 Jun 17,02:45:02,83,475,111,N,-a
09737,2465620.98329,2038 Jul 16,11:35:56,84,476,149,N,a-
09738,2465769.23958,2038 Dec 11,17:45:00,84,481,116,N,-t
09739,2465946.28779,2039 Jun 06,18:54:25,84,487,121,P,-a
09740,2466123.20588,2039 Nov 30,16:56:28,85,493,126,P,-t
09741,2466300.99053,2040 May 26,11:46:22,85,499,131,T-,p-
09742,2466477.29491,2040 Nov 18,19:04:40,85,505,136,T+,p-
09743,2466655.5299,2041 May 16,00:43:03,86,511,141,P,t-
09744,2466831.69103,2041 Nov 08,04:35:05,86,517,146,P,a-
09745,2466980.10429,2042 Apr 05,14:30:11,86,522,113,N,-t
09746,2467156.94846,2042 Sep 29,10:45:47,87,528,118,N,-a
09747,2467334.1056,2043 Mar 25,14:32:04,87,534,123,T,-t
09748,2467511.57766,2043 Sep 19,01:51:50,88,540,128,T,-a
09749,2467688.31844,2044 Mar 13,19:38:33,88,546,133,T,a-
09750,2467865.97273,2044 Sep 07,11:20:44,88,552,138,T,t-
09751,2468042.82183,2045 Mar 03,07:43:26,89,558,143,N,a-
09752,2468220.07975,2045 Aug 27,13:54:50,89,564,148,N,t-
09753,2468368.04348,2046 Jan 22,13:02:37,90,569,115,P,-a
09754,2468544.54589,2046 Jul 18,01:06:05,90,575,120,P,-t
09755,2468722.55988,2047 Jan 12,01:26:14,90,581,125,T,-p
09756,2468898.94149,2047 Jul 07,10:35:45,91,587,130,T-,pp
09757,2469076.78744,2048 Jan 01,06:53:55,91,593,135,T,p-
09758,2469253.58505,2048 Jun 26,02:02:28,92,599,140,P,a-
09759,2469430.76931,2048 Dec 20,06:27:48,92,605,145,N,t-
09760,2469578.97684,2049 May 17,11:26:39,92,610,112,N,-a
09761,2469608.30153,2049 Jun 15,19:14:12,92,611,150,N,a-
09762,2469755.16124,2049 Nov 09,15:52:11,93,616,117,N,-h
09763,2469933.43891,2050 May 06,22:32:02,94,622,122,T,-h
09764,2470109.64013,2050 Oct 30,03:21:47,95,628,127,T,-p
09765,2470287.59477,2051 Apr 26,02:16:28,96,634,132,T,p-
09766,2470464.29988,2051 Oct 19,19:11:50,97,640,137,T-,p-
09767,2470641.5959,2052 Apr 14,02:18:06,98,646,142,N,t-
09768,2470818.94859,2052 Oct 08,10:45:58,99,652,147,P,a-
09769,2470966.22373,2053 Mar 04,17:22:10,99,657,114,N,-a
09770,2471143.83738,2053 Aug 29,08:05:50,100,663,119,Nx,-t
09771,2471320.78573,2054 Feb 22,06:51:27,101,669,124,T,-p
09772,2471497.8934,2054 Aug 18,09:26:30,102,675,129,T,pp
09773,2471675.44881,2055 Feb 11,22:46:17,103,681,134,T,p-
09774,2471851.95368,2055 Aug 07,10:53:18,104,687,139,P,t-
09775,2472030.01813,2056 Feb 01,12:26:06,105,693,144,N,a-
09776,2472176.91885,2056 Jun 27,10:03:09,106,698,111,N,-a
09777,2472206.28014,2056 Jul 26,18:43:24,106,699,149,N,a-
09778,2472354.57565,2056 Dec 22,01:48:56,107,704,116,N,-t
09779,2472531.60162,2057 Jun 17,02:26:20,108,710,121,P,-a
09780,2472708.53725,2057 Dec 11,00:53:38,109,716,126,P,-t
09781,2472886.30264,2058 Jun 06,19:15:48,110,722,131,T-,pp
09782,2473062.63632,2058 Nov 30,03:16:18,111,728,136,T+,p-
09783,2473240.83027,2059 May 27,07:55:35,112,734,141,P,t-
09784,2473417.04278,2059 Nov 19,13:01:36,113,740,146,P,a-
09785,2473565.40074,2060 Apr 15,21:37:04,114,745,113,N,-t
09786,2473742.28718,2060 Oct 09,18:53:32,115,751,118,N,-a
09787,2473771.66962,2060 Nov 08,04:04:15,115,752,156,N,a-
09788,2473919.41256,2061 Apr 04,21:54:05,116,757,123,T,-t
09789,2474096.90154,2061 Sep 29,09:38:13,117,763,128,T,-a
09790,2474273.6485,2062 Mar 25,03:33:50,118,769,133,T,p-
09791,2474451.27363,2062 Sep 18,18:34:02,119,775,138,T,p-
09792,2474628.17071,2063 Mar 14,16:05:49,120,781,143,P,a-
09793,2474805.36194,2063 Sep 07,20:41:12,121,787,148,N,t-
09794,2474953.40899,2064 Feb 02,21:48:57,122,792,115,P,-a
09795,2475129.82833,2064 Jul 28,07:52:48,123,798,120,P,-t
09796,2475307.91595,2065 Jan 22,09:58:58,124,804,125,T,-p
09797,2475484.24213,2065 Jul 17,17:48:40,125,810,130,T-,pp
09798,2475662.12832,2066 Jan 11,15:04:47,126,816,135,T,p-
09799,2475838.89617,2066 Jul 07,09:30:29,127,822,140,P,a-
09800,2476016.10428,2066 Dec 31,14:30:10,128,828,145,N,t-
09801,2476164.28898,2067 May 28,18:56:08,129,833,112,N,-a
09802,2476193.61188,2067 Jun 27,02:41:06,129,834,150,N,a-
09803,2476340.50326,2067 Nov 21,00:04:42,130,839,117,N,-h
09804,2476518.7377,2068 May 17,05:42:17,131,845,122,P,-t
09805,2476694.99097,2068 Nov 09,11:47:00,132,851,127,T,-p
09806,2476872.88191,2069 May 06,09:09:57,133,857,132,T+,pp
09807,2477049.64938,2069 Oct 30,03:35:06,134,863,137,T-,p-
09808,2477226.88986,2070 Apr 25,09:21:24,135,869,142,Nx,t-
09809,2477404.28556,2070 Oct 19,18:51:12,137,875,147,P,a-
09810,2477551.5633,2071 Mar 16,01:31:09,137,880,114,N,-a
09811,2477729.12895,2071 Sep 09,15:05:41,138,886,119,N,-t
09812,2477906.14105,2072 Mar 04,15:23:07,140,892,124,T,-p
09813,2478083.17062,2072 Aug 28,16:05:42,141,898,129,T,-t
09814,2478260.80895,2073 Feb 22,07:24:53,142,904,134,T,p-
09815,2478437.23797,2073 Aug 17,17:42:41,143,910,139,T,t-
09816,2478615.3722,2074 Feb 11,20:55:58,144,916,144,N,a-
09817,2478762.22336,2074 Jul 08,17:21:38,145,921,111,N,-a
09818,2478791.58059,2074 Aug 07,01:56:03,145,922,149,N,a-
09819,2478939.91323,2075 Jan 02,09:55:03,146,927,116,N,-t
09820,2479116.9136,2075 Jun 28,09:55:35,147,933,121,P,-a
09821,2479293.87216,2075 Dec 22,08:55:55,148,939,126,P,-t
09822,2479471.61096,2076 Jun 17,02:39:47,149,945,131,T-,pp
09823,2479647.98253,2076 Dec 10,11:34:51,150,951,136,T+,p-
09824,2479826.12491,2077 Jun 06,14:59:52,151,957,141,P,t-
09825,2480002.39992,2077 Nov 29,21:35:53,152,963,146,P,a-
09826,2480150.69148,2078 Apr 27,04:35:44,153,968,113,N,-t
09827,2480327.63059,2078 Oct 21,03:08:03,154,974,118,N,-a
09828,2480357.02782,2078 Nov 19,12:40:04,154,975,156,N,a-
09829,2480504.7158,2079 Apr 16,05:10:45,155,980,123,P,-t
09830,2480682.22951,2079 Oct 10,17:30:30,156,986,128,T,-a
09831,2480858.97475,2080 Apr 04,11:23:38,157,992,133,T,p-
09832,2481036.57826,2080 Sep 29,01:52:42,158,998,138,T,p-
09833,2481213.51529,2081 Mar 25,00:22:01,159,1004,143,P,a-
09834,2481390.64961,2081 Sep 18,03:35:26,161,1010,148,N,t-
09835,2481538.77036,2082 Feb 13,06:29:19,161,1015,115,P,-a
09836,2481715.11576,2082 Aug 08,14:46:42,163,1021,120,Nx,-t
09837,2481893.26859,2083 Feb 02,18:26:46,164,1027,125,T,-p
09838,2482069.54553,2083 Jul 29,01:05:34,165,1033,130,T-,pp
09839,2482247.46736,2084 Jan 22,23:13:00,166,1039,135,T,p-
09840,2482424.20753,2084 Jul 17,16:58:51,167,1045,140,P,a-
09841,2482601.43922,2085 Jan 10,22:32:29,168,1051,145,N,t-
09842,2482749.59556,2085 Jun 08,02:17:36,169,1056,112,N,-a
09843,2482778.91991,2085 Jul 07,10:04:40,169,1057,150,N,a-
09844,2482925.8511,2085 Dec 01,08:25:35,170,1062,117,N,-a
09845,2483104.03041,2086 May 28,12:43:47,171,1068,122,P,-t
09846,2483280.34701,2086 Nov 20,20:19:42,172,1074,127,P,-p
09847,2483458.16343,2087 May 17,15:55:20,173,1080,132,T+,pp
09848,2483635.00385,2087 Nov 10,12:05:33,174,1086,137,T-,p-
09849,2483812.17836,2088 May 05,16:16:50,175,1092,142,P,t-
09850,2483989.62731,2088 Oct 30,03:03:20,177,1098,147,P,a-
09851,2484136.89877,2089 Mar 26,09:34:14,178,1103,114,N,-a
09852,2484314.4245,2089 Sep 19,22:11:17,179,1109,119,N,-t
09853,2484491.49203,2090 Mar 15,23:48:31,180,1115,124,T,-p
09854,2484668.45311,2090 Sep 08,22:52:29,181,1121,129,T,-t
09855,2484846.16553,2091 Mar 05,15:58:22,182,1127,134,T,p-
09856,2485022.52668,2091 Aug 29,00:38:25,183,1133,139,T,t-
09857,2485200.72291,2092 Feb 23,05:20:59,184,1139,144,N,a-
09858,2485347.52914,2092 Jul 19,00:41:58,185,1144,111,Ne,-a
09859,2485376.88471,2092 Aug 17,09:13:59,185,1145,149,N,a-
09860,2485525.25003,2093 Jan 12,18:00:03,186,1150,116,N,-t
09861,2485702.22521,2093 Jul 08,17:24:18,187,1156,121,P,-a
09862,2485879.2084,2094 Jan 01,17:00:06,188,1162,126,P,-t
09863,2486056.91802,2094 Jun 28,10:01:57,190,1168,131,T+,pp
09864,2486233.33093,2094 Dec 21,19:56:32,191,1174,136,T+,p-
09865,2486411.41679,2095 Jun 17,22:00:11,192,1180,141,P,t-
09866,2486587.76044,2095 Dec 11,06:15:02,193,1186,146,P,a-
09867,2486735.97549,2096 May 07,11:24:42,194,1191,113,N,-t
09868,2486765.61367,2096 Jun 06,02:43:41,194,1192,151,Nb,t-
09869,2486912.97943,2096 Oct 31,11:30:23,195,1197,118,N,-a
09870,2486942.39053,2096 Nov 29,21:22:22,195,1198,156,N,a-
09871,2487090.0127,2097 Apr 26,12:18:17,196,1203,123,P,-t
09872,2487267.56314,2097 Oct 21,01:30:55,197,1209,128,T,-a
09873,2487444.295,2098 Apr 15,19:04:48,198,1215,133,T-,p-
09874,2487621.88887,2098 Oct 10,09:19:58,200,1221,138,T,pp
09875,2487798.85481,2099 Apr 05,08:30:56,201,1227,143,P,a-
09876,2487975.94211,2099 Sep 29,10:36:38,202,1233,148,Nx,t-
09877,2488124.1286,2100 Feb 24,15:05:11,203,1238,115,N,-a
09878,2488300.40623,2100 Aug 19,21:44:58,204,1244,120,N,-t