Number,JD,Date,Greatest eclipse,DeltaT,Luna number,Saros number,Type,QLE
09281,2415168.12079,1900 May 28,14:53:56,-2,-1232,126,T,-n
09282,2415345.80536,1900 Nov 22,07:19:43,-2,-1226,131,A,-n
09283,2415522.73181,1901 May 18,05:33:48,-1,-1220,136,T,n-
09284,2415699.81135,1901 Nov 11,07:28:21,-0,-1214,141,A,p-
09285,2415848.08688,1902 Apr 08,14:05:06,0,-1209,108,Pe,-t
09286,2415877.44046,1902 May 07,22:34:16,0,-1208,146,P,t-
09287,2416053.83354,1902 Oct 31,08:00:18,1,-1202,151,P,t-
09288,2416202.56624,1903 Mar 29,01:35:23,2,-1197,118,A,-p
09289,2416378.69435,1903 Sep 21,04:39:52,2,-1191,123,T,-p
09290,2416556.73662,1904 Mar 17,05:40:44,3,-1185,128,A,nn
09291,2416733.36413,1904 Sep 09,20:44:21,3,-1179,133,T,-n
09292,2416910.71697,1905 Mar 06,05:12:26,4,-1173,138,A,p-
09293,2417088.04683,1905 Aug 30,13:07:26,5,-1167,143,T,p-
09294,2417264.82176,1906 Feb 23,07:43:20,5,-1161,148,P,t-
09295,2417413.05161,1906 Jul 21,13:14:19,6,-1156,115,P,-t
09296,2417442.55058,1906 Aug 20,01:12:50,6,-1155,153,P,t-
09297,2417589.75397,1907 Jan 14,06:05:43,6,-1150,120,T,-p
09298,2417767.14204,1907 Jul 10,15:24:32,7,-1144,125,A,-p
09299,2417944.4065,1908 Jan 03,21:45:22,8,-1138,130,T,-n
09300,2418121.1874,1908 Jun 28,16:29:51,8,-1132,135,A,nn
09301,2418298.98921,1908 Dec 23,11:44:28,9,-1126,140,H,n-
09302,2418475.47127,1909 Jun 17,23:18:38,10,-1120,145,H,t-
09303,2418653.32278,1909 Dec 12,19:44:48,10,-1114,150,P,t-
09304,2418800.73765,1910 May 09,05:42:13,11,-1109,117,T,-t
09305,2418977.58926,1910 Nov 02,02:08:32,12,-1103,122,P,-t
09306,2419155.43567,1911 Apr 28,22:27:22,12,-1097,127,T,-n
09307,2419331.67572,1911 Oct 22,04:13:02,13,-1091,132,A,-n
09308,2419509.9822,1912 Apr 17,11:34:22,14,-1085,137,H,p-
09309,2419686.06683,1912 Oct 10,13:36:14,14,-1079,142,T,p-
09310,2419864.23133,1913 Apr 06,17:33:07,15,-1073,147,P,t-
09311,2420011.36958,1913 Aug 31,20:52:12,15,-1068,114,P,-t
09312,2420040.69848,1913 Sep 30,04:45:49,15,-1067,152,P,t-
09313,2420188.50904,1914 Feb 25,00:13:01,16,-1062,119,A,-p
09314,2420366.02392,1914 Aug 21,12:34:27,17,-1056,124,T,-p
09315,2420542.68981,1915 Feb 14,04:33:20,17,-1050,129,A,nn
09316,2420720.45307,1915 Aug 10,22:52:25,18,-1044,134,A,nn
09317,2420897.16691,1916 Feb 03,16:00:21,18,-1038,139,T,p-
09318,2421074.58762,1916 Jul 30,02:06:10,19,-1032,144,A,p-
09319,2421222.36553,1916 Dec 24,20:46:22,19,-1027,111,P,-t
09320,2421251.81147,1917 Jan 23,07:28:31,19,-1026,149,P,t-
09321,2421399.05302,1917 Jun 19,13:16:21,20,-1021,116,P,-t
09322,2421428.61299,1917 Jul 19,02:42:42,20,-1020,154,Pb,t-
09323,2421576.89398,1917 Dec 14,09:27:20,20,-1015,121,A,-t
09324,2421753.42203,1918 Jun 08,22:07:43,20,-1009,126,T,-p
09325,2421931.1403,1918 Dec 03,15:22:02,21,-1003,131,A,-n
09326,2422108.04786,1919 May 29,13:08:55,21,-997,136,T,n-
09327,2422285.13486,1919 Nov 22,15:14:12,21,-991,141,A,p-
09328,2422462.76036,1920 May 18,06:14:55,21,-985,146,P,t-
09329,2422639.16128,1920 Nov 10,15:52:15,22,-979,151,P,t-
09330,2422787.88543,1921 Apr 08,09:15:01,22,-974,118,A,-t
09331,2422964.02498,1921 Oct 01,12:35:58,22,-968,123,T,-p
09332,2423142.04544,1922 Mar 28,13:05:26,23,-962,128,A,nn
09333,2423318.6948,1922 Sep 21,04:40:31,23,-956,133,T,-n
09334,2423496.03123,1923 Mar 17,12:44:58,23,-950,138,A,p-
09335,2423673.36631,1923 Sep 10,20:47:29,23,-944,143,T,p-
09336,2423850.15579,1924 Mar 05,15:44:20,24,-938,148,P,t-
09337,2423998.33218,1924 Jul 31,19:58:20,24,-933,115,P,-t
09338,2424027.84931,1924 Aug 30,08:23:00,24,-932,153,P,t-
09339,2424175.12087,1925 Jan 24,14:54:03,24,-927,120,T,-p
09340,2424352.40882,1925 Jul 20,21:48:42,24,-921,125,A,-p
09341,2424529.77567,1926 Jan 14,06:36:58,24,-915,130,T,-n
09342,2424706.46252,1926 Jul 09,23:06:02,24,-909,135,A,nn
09343,2424884.34922,1927 Jan 03,20:22:53,24,-903,140,A,n-
09344,2425060.76628,1927 Jun 29,06:23:27,24,-897,145,T,t-
09345,2425238.66645,1927 Dec 24,03:59:41,24,-891,150,P,t-
09346,2425386.05856,1928 May 19,13:24:20,24,-886,117,T-,-t
09347,2425415.35241,1928 Jun 17,20:27:28,24,-885,155,Pb,t-
09348,2425562.90861,1928 Nov 12,09:48:24,24,-880,122,P,-t
09349,2425740.75734,1929 May 09,06:10:34,24,-874,127,T,-n
09350,2425917.00359,1929 Nov 01,12:05:10,24,-868,132,A,-n
09351,2426095.29414,1930 Apr 28,19:03:34,24,-862,137,H,p-
09352,2426271.40547,1930 Oct 21,21:43:53,24,-856,142,T,p-
09353,2426449.53166,1931 Apr 18,00:45:35,24,-850,147,P,t-
09354,2426596.69543,1931 Sep 12,04:41:25,24,-845,114,Pe,-t
09355,2426626.03866,1931 Oct 11,12:55:40,24,-844,152,P,t-
09356,2426773.83044,1932 Mar 07,07:55:50,24,-839,119,A,-p
09357,2426951.33589,1932 Aug 31,20:03:41,24,-833,124,T,-p
09358,2427128.0324,1933 Feb 24,12:46:39,24,-827,129,A,nn
09359,2427305.74249,1933 Aug 21,05:49:11,24,-821,134,A,nn
09360,2427482.52686,1934 Feb 14,00:38:41,24,-815,139,T,p-
09361,2427659.85958,1934 Aug 10,08:37:48,24,-809,144,A,p-
09362,2427807.73317,1935 Jan 05,05:35:46,24,-804,111,Pe,-t
09363,2427837.17801,1935 Feb 03,16:16:20,24,-803,149,P,t-
09364,2427984.33317,1935 Jun 30,19:59:46,24,-798,116,P,-t
09365,2428013.88644,1935 Jul 30,09:16:28,24,-797,154,P,t-
09366,2428162.24991,1935 Dec 25,17:59:52,24,-792,121,A,-t
09367,2428338.72258,1936 Jun 19,05:20:31,24,-786,126,T,-p
09368,2428516.47792,1936 Dec 13,23:28:12,24,-780,131,A,-n
09369,2428693.36183,1937 Jun 08,20:41:02,24,-774,136,T,n-
09370,2428870.46233,1937 Dec 02,23:05:45,24,-768,141,A,p-
09371,2429048.07661,1938 May 29,13:50:19,24,-762,146,T,t-
09372,2429224.49473,1938 Nov 21,23:52:25,24,-756,151,P,t-
09373,2429373.19853,1939 Apr 19,16:45:53,24,-751,118,A,-t
09374,2429549.36138,1939 Oct 12,20:40:23,24,-745,123,T,-p
09375,2429727.34816,1940 Apr 07,20:21:21,24,-739,128,A,nn
09376,2429904.03063,1940 Oct 01,12:44:06,25,-733,133,T,-n
09377,2430081.33898,1941 Mar 27,20:08:08,25,-727,138,A,p-
09378,2430258.69031,1941 Sep 21,04:34:03,25,-721,143,T,p-
09379,2430435.48411,1942 Mar 16,23:37:07,25,-715,148,P,t-
09380,2430583.61472,1942 Aug 12,02:45:12,26,-710,115,Pe,-t
09381,2430613.15245,1942 Sep 10,15:39:32,26,-709,153,P,t-
09382,2430760.48484,1943 Feb 04,23:38:10,26,-704,120,T,-p
09383,2430937.67793,1943 Aug 01,04:16:13,26,-698,125,A,-p
09384,2431115.14354,1944 Jan 25,15:26:42,26,-692,130,T,-n
09385,2431291.73834,1944 Jul 20,05:43:13,27,-686,135,A,nn
09386,2431469.70953,1945 Jan 14,05:01:43,27,-680,140,A,n-
09387,2431646.06094,1945 Jul 09,13:27:45,27,-674,145,T,p-
09388,2431824.01124,1946 Jan 03,12:16:11,27,-668,150,P,t-
09389,2431971.37528,1946 May 30,21:00:24,28,-663,117,P,-t
09390,2432000.66109,1946 Jun 29,03:51:58,28,-662,155,P,t-
09391,2432148.23417,1946 Nov 23,17:37:12,28,-657,122,P,-t
09392,2432326.07485,1947 May 20,13:47:47,28,-651,127,T,-p
09393,2432502.33723,1947 Nov 12,20:05:37,28,-645,132,A,-n
09394,2432680.60144,1948 May 09,02:26:04,28,-639,137,A,p-
09395,2432856.74951,1948 Nov 01,05:59:18,29,-633,142,T,n-
09396,2433034.82561,1949 Apr 28,07:48:53,29,-627,147,P,t-
09397,2433211.38404,1949 Oct 21,21:13:01,29,-621,152,P,t-
09398,2433359.14723,1950 Mar 18,15:32:01,29,-616,119,A-,-t
09399,2433536.65193,1950 Sep 12,03:38:47,29,-610,124,T,-t
09400,2433713.3706,1951 Mar 07,20:53:40,30,-604,129,A,-n
09401,2433891.03601,1951 Sep 01,12:51:51,30,-598,134,A,nn
09402,2434067.88304,1952 Feb 25,09:11:35,30,-592,139,T,p-
09403,2434245.13443,1952 Aug 20,15:13:35,30,-586,144,A,p-
09404,2434422.54132,1953 Feb 14,00:59:30,30,-580,149,P,t-
09405,2434569.61405,1953 Jul 11,02:44:14,30,-575,116,P,-t
09406,2434599.16323,1953 Aug 09,15:55:03,30,-574,154,P,t-
09407,2434747.60557,1954 Jan 05,02:32:01,31,-569,121,A,-t
09408,2434924.02266,1954 Jun 30,12:32:38,31,-563,126,T,-p
09409,2435101.81715,1954 Dec 25,07:36:42,31,-557,131,A,-n
09410,2435278.6741,1955 Jun 20,04:10:42,31,-551,136,T,n-
09411,2435455.79334,1955 Dec 14,07:02:25,31,-545,141,A,p-
09412,2435633.38934,1956 Jun 08,21:20:39,32,-539,146,T,p-
09413,2435809.83374,1956 Dec 02,08:00:35,32,-533,151,P,t-
09414,2435958.5038,1957 Apr 30,00:05:28,32,-528,118,A+,-t
09415,2436134.70419,1957 Oct 23,04:54:02,32,-522,123,T-,-t
09416,2436312.64395,1958 Apr 19,03:27:17,32,-516,128,A,np
09417,2436489.37185,1958 Oct 12,20:55:28,33,-510,133,T,-n
09418,2436666.64176,1959 Apr 08,03:24:08,33,-504,138,A,p-
09419,2436844.01875,1959 Oct 02,12:27:00,33,-498,143,T,n-
09420,2437020.80911,1960 Mar 27,07:25:07,33,-492,148,P,t-
09421,2437198.45829,1960 Sep 20,22:59:56,33,-486,153,P,t-
09422,2437345.84708,1961 Feb 15,08:19:48,34,-481,120,T,-p
09423,2437522.94916,1961 Aug 11,10:46:47,34,-475,125,A,-p
09424,2437700.50877,1962 Feb 05,00:12:38,34,-469,130,T,-n
09425,2437877.01774,1962 Jul 31,12:25:33,34,-463,135,Am,nn
09426,2438055.0675,1963 Jan 25,13:37:12,35,-457,140,A,n-
09427,2438231.35848,1963 Jul 20,20:36:13,35,-451,145,T,p-
09428,2438409.35426,1964 Jan 14,20:30:08,35,-445,150,P,t-
09429,2438556.69036,1964 Jun 10,04:34:07,35,-440,117,P,-t
09430,2438585.97075,1964 Jul 09,11:17:53,35,-439,155,P,t-
09431,2438733.56382,1964 Dec 04,01:31:54,36,-434,122,P,-t
09432,2438911.38716,1965 May 30,21:17:31,36,-428,127,T,-p
09433,2439087.67698,1965 Nov 23,04:14:51,36,-422,132,A,-n
09434,2439265.90211,1966 May 20,09:39:02,37,-416,137,A,n-
09435,2439442.09963,1966 Nov 12,14:23:28,37,-410,142,T,n-
09436,2439620.11306,1967 May 09,14:42:48,38,-404,147,P,t-
09437,2439796.73537,1967 Nov 02,05:38:56,38,-398,152,T-,t-
09438,2439944.45868,1968 Mar 28,23:00:30,38,-393,119,P,-t
09439,2440121.97137,1968 Sep 22,11:18:46,39,-387,124,T,-t
09440,2440298.70483,1969 Mar 18,04:54:57,39,-381,129,A,-n
09441,2440476.33263,1969 Sep 11,19:58:59,40,-375,134,A,nn
09442,2440653.23507,1970 Mar 07,17:38:30,40,-369,139,T,p-
09443,2440830.41354,1970 Aug 31,21:55:30,41,-363,144,A,p-
09444,2441007.90147,1971 Feb 25,09:38:07,41,-357,149,P,t-
09445,2441154.89716,1971 Jul 22,09:31:55,42,-352,116,Pe,-t
09446,2441184.44411,1971 Aug 20,22:39:31,42,-351,154,P,t-
09447,2441332.96067,1972 Jan 16,11:03:22,42,-346,121,A,-t
09448,2441509.32405,1972 Jul 10,19:46:38,43,-340,126,T,-p
09449,2441687.15719,1973 Jan 04,15:46:21,43,-334,131,A,-n
09450,2441863.9852,1973 Jun 30,11:38:41,44,-328,136,T,nn
09451,2442041.1269,1973 Dec 24,15:02:44,44,-322,141,A,p-
09452,2442218.70005,1974 Jun 20,04:48:04,45,-316,146,T,p-
09453,2442395.17584,1974 Dec 13,16:13:13,45,-310,151,P,t-
09454,2442543.80385,1975 May 11,07:17:33,46,-305,118,P,-t
09455,2442720.05271,1975 Nov 03,13:15:54,46,-299,123,P,-t
09456,2442897.93354,1976 Apr 29,10:24:18,47,-293,128,A,-p
09457,2443074.71788,1976 Oct 23,05:13:45,47,-287,133,T,-n
09458,2443251.93854,1977 Apr 18,10:31:30,48,-281,138,A,p-
09459,2443429.3524,1977 Oct 12,20:27:27,48,-275,143,T,n-
09460,2443606.12763,1978 Apr 07,15:03:47,49,-269,148,P,t-
09461,2443783.76994,1978 Oct 02,06:28:43,49,-263,153,P,t-
09462,2443931.20493,1979 Feb 26,16:55:06,50,-258,120,T,-p
09463,2444108.22405,1979 Aug 22,17:22:38,50,-252,125,A,-t
09464,2444285.87084,1980 Feb 16,08:54:01,51,-246,130,T,-n
09465,2444462.30024,1980 Aug 10,19:12:21,51,-240,135,A,nn
09466,2444640.42319,1981 Feb 04,22:09:24,51,-234,140,A,n-
09467,2444816.65737,1981 Jul 31,03:46:37,52,-228,145,T,p-
09468,2444994.69645,1982 Jan 25,04:42:53,52,-222,150,P,t-
09469,2445142.00316,1982 Jun 21,12:04:33,53,-217,117,P,-t
09470,2445171.28106,1982 Jul 20,18:44:44,53,-216,155,P,t-
09471,2445318.89733,1982 Dec 15,09:32:09,53,-211,122,P,-t
09472,2445496.69691,1983 Jun 11,04:43:33,53,-205,127,T,-p
09473,2445673.0217,1983 Dec 04,12:31:15,54,-199,132,A,-n
09474,2445851.19839,1984 May 30,16:45:41,54,-193,137,A,nn
09475,2446027.45436,1984 Nov 22,22:54:17,54,-187,142,T,n-
09476,2446205.39558,1985 May 19,21:29:38,55,-181,147,P,t-
09477,2446382.09128,1985 Nov 12,14:11:27,55,-175,152,T,t-
09478,2446529.76484,1986 Apr 09,06:21:22,55,-170,119,P,-t
09479,2446707.29601,1986 Oct 03,19:06:15,55,-164,124,H,-t
09480,2446884.03457,1987 Mar 29,12:49:47,55,-158,129,H,-n
09481,2447061.63359,1987 Sep 23,03:12:22,56,-152,134,A,-n
09482,2447238.58259,1988 Mar 18,01:58:56,56,-146,139,T,n-
09483,2447415.69756,1988 Sep 11,04:44:29,56,-140,144,A,p-
09484,2447593.25603,1989 Mar 07,18:08:41,56,-134,149,P,t-
09485,2447769.73041,1989 Aug 31,05:31:47,57,-128,154,P,t-
09486,2447918.31347,1990 Jan 26,19:31:24,57,-123,121,A,-t
09487,2448094.62716,1990 Jul 22,03:03:07,57,-117,126,T,-p
09488,2448272.49573,1991 Jan 15,23:53:51,58,-111,131,A,-n
09489,2448449.29654,1991 Jul 11,19:07:01,58,-105,136,Tm,nn
09490,2448626.46223,1992 Jan 04,23:05:37,58,-99,141,A,p-
09491,2448804.00789,1992 Jun 30,12:11:22,59,-93,146,T,p-
09492,2448980.522,1992 Dec 24,00:31:41,59,-87,151,P,t-
09493,2449129.0974,1993 May 21,14:20:15,59,-82,118,P,-t
09494,2449305.40684,1993 Nov 13,21:45:51,60,-76,123,P,-t
09495,2449483.21697,1994 May 10,17:12:26,60,-70,128,A,-p
09496,2449660.06951,1994 Nov 03,13:40:06,61,-64,133,T,-n
09497,2449837.23149,1995 Apr 29,17:33:21,61,-58,138,A,p-
09498,2450014.68993,1995 Oct 24,04:33:30,61,-52,143,T,n-
09499,2450191.44319,1996 Apr 17,22:38:12,62,-46,148,P,t-
09500,2450369.08546,1996 Oct 12,14:03:04,62,-40,153,P,t-
09501,2450516.55892,1997 Mar 09,01:24:51,62,-35,120,T,-p
09502,2450693.50333,1997 Sep 02,00:04:48,63,-29,125,P,-t
09503,2450871.22878,1998 Feb 26,17:29:27,63,-23,130,T,-n
09504,2451047.58832,1998 Aug 22,02:07:11,63,-17,135,A,nn
09505,2451225.77405,1999 Feb 16,06:34:38,63,-11,140,A,n-
09506,2451401.96122,1999 Aug 11,11:04:09,64,-5,145,T,p-
09507,2451580.03503,2000 Feb 05,12:50:27,64,1,150,P,t-
09508,2451727.31498,2000 Jul 01,19:33:34,64,6,117,P,-t
09509,2451756.59315,2000 Jul 31,02:14:08,64,7,155,P,t-
09510,2451904.2333,2000 Dec 25,17:35:57,64,12,122,P,-t
09511,2452082.00331,2001 Jun 21,12:04:46,64,18,127,T,-p
09512,2452258.37015,2001 Dec 14,20:53:01,64,24,132,A,-n
09513,2452436.48984,2002 Jun 10,23:45:22,64,30,137,A,nn
09514,2452612.81407,2002 Dec 04,07:32:16,64,36,142,T,n-
09515,2452790.67317,2003 May 31,04:09:22,64,42,147,An,t-
09516,2452967.45164,2003 Nov 23,22:50:22,64,48,152,T,t-
09517,2453115.06603,2004 Apr 19,13:35:05,65,53,119,P,-t
09518,2453292.62527,2004 Oct 14,03:00:23,65,59,124,P,-t
09519,2453469.35892,2005 Apr 08,20:36:51,65,65,129,H,-n
09520,2453646.93943,2005 Oct 03,10:32:47,65,71,134,A,-p
09521,2453823.92527,2006 Mar 29,10:12:23,65,77,139,T,n-
09522,2454000.98699,2006 Sep 22,11:41:16,65,83,144,A,p-
09523,2454178.60622,2007 Mar 19,02:32:57,65,89,149,P,t-
09524,2454355.0225,2007 Sep 11,12:32:24,66,95,154,P,t-
09525,2454503.664,2008 Feb 07,03:56:10,66,100,121,A,-t
09526,2454679.93208,2008 Aug 01,10:22:12,66,106,126,T,-p
09527,2454857.83316,2009 Jan 26,07:59:45,66,112,131,A,-n
09528,2455034.60862,2009 Jul 22,02:36:25,66,118,136,T,nn
09529,2455211.79698,2010 Jan 15,07:07:39,67,124,141,A,p-
09530,2455389.31572,2010 Jul 11,19:34:38,67,130,146,T,p-
09531,2455565.86924,2011 Jan 04,08:51:42,67,136,151,P,t-
09532,2455714.38701,2011 Jun 01,21:17:18,67,141,118,P,-t
09533,2455743.86076,2011 Jul 01,08:39:30,67,142,156,Pb,t-
09534,2455890.76486,2011 Nov 25,06:21:24,68,147,123,P,-t
09535,2456068.49576,2012 May 20,23:53:54,68,153,128,A,-p
09536,2456245.42564,2012 Nov 13,22:12:55,68,159,133,T,-n
09537,2456422.51829,2013 May 10,00:26:20,68,165,138,A,pn
09538,2456600.03306,2013 Nov 03,12:47:36,68,171,143,H3,n-
09539,2456776.75316,2014 Apr 29,06:04:33,69,177,148,A-,t-
09540,2456954.4067,2014 Oct 23,21:45:39,69,183,153,P,t-
09541,2457101.90749,2015 Mar 20,09:46:47,69,188,120,T,-t
09542,2457278.78841,2015 Sep 13,06:55:19,69,194,125,P,-t
09543,2457456.58216,2016 Mar 09,01:58:19,70,200,130,T,-n
09544,2457632.88058,2016 Sep 01,09:08:02,70,206,135,A,-n
09545,2457811.12122,2017 Feb 26,14:54:33,70,212,140,A,n-
09546,2457987.26852,2017 Aug 21,18:26:40,70,218,145,T,p-
09547,2458165.36983,2018 Feb 15,20:52:33,71,224,150,P,t-
09548,2458312.62657,2018 Jul 13,03:02:16,71,229,117,P,-t
09549,2458341.90796,2018 Aug 11,09:47:28,71,230,155,P,t-
09550,2458489.57127,2019 Jan 06,01:42:38,71,235,122,P,-t
09551,2458667.30841,2019 Jul 02,19:24:07,71,241,127,T,-p
09552,2458843.72145,2019 Dec 26,05:18:53,72,247,132,A,-n
09553,2459021.77865,2020 Jun 21,06:41:15,72,253,137,Am,nn
09554,2459198.17684,2020 Dec 14,16:14:39,72,259,142,T,n-
09555,2459375.94661,2021 Jun 10,10:43:07,72,265,147,A,t-
09556,2459552.81572,2021 Dec 04,07:34:38,73,271,152,T,p-
09557,2459700.36292,2022 Apr 30,20:42:36,73,276,119,P,-t
09558,2459877.95926,2022 Oct 25,11:01:20,73,282,124,P,-t
09559,2460054.67912,2023 Apr 20,04:17:56,73,288,129,H,-n
09560,2460232.25047,2023 Oct 14,18:00:41,74,294,134,A,-p
09561,2460409.26284,2024 Apr 08,18:18:29,74,300,139,T,n-
09562,2460586.28209,2024 Oct 02,18:46:13,74,306,144,A,p-
09563,2460763.95042,2025 Mar 29,10:48:36,75,312,149,P,t-
09564,2460940.32157,2025 Sep 21,19:43:04,75,318,154,P,t-
09565,2461089.0091,2026 Feb 17,12:13:06,75,323,121,A,-t
09566,2461265.24104,2026 Aug 12,17:47:06,75,329,126,T,-p
09567,2461443.16722,2027 Feb 06,16:00:48,76,335,131,A,-n
09568,2461619.92211,2027 Aug 02,10:07:50,76,341,136,T,nn
09569,2461797.13124,2028 Jan 26,15:08:59,76,347,141,A,p-
09570,2461974.62269,2028 Jul 22,02:56:40,77,353,146,T,p-
09571,2462151.21792,2029 Jan 14,17:13:48,77,359,151,P,t-
09572,2462299.67098,2029 Jun 12,04:06:13,77,364,118,P,-t
09573,2462329.15091,2029 Jul 11,15:37:19,77,365,156,P,t-
09574,2462476.12775,2029 Dec 05,15:03:58,77,370,123,P,-t
09575,2462653.77029,2030 Jun 01,06:29:13,78,376,128,A,-p
09576,2462830.78584,2030 Nov 25,06:51:37,78,382,133,T,-n
09577,2463007.80282,2031 May 21,07:16:04,78,388,138,A,nn
09578,2463185.38022,2031 Nov 14,21:07:31,79,394,143,H,n-
09579,2463362.06021,2032 May 09,13:26:42,79,400,148,A,t-
09580,2463539.73209,2032 Nov 03,05:34:13,79,406,153,P,t-
09581,2463687.25181,2033 Mar 30,18:02:36,80,411,120,T,-t
09582,2463864.07953,2033 Sep 23,13:54:31,80,417,125,P,-t
09583,2464041.92969,2034 Mar 20,10:18:45,80,423,130,T,-n
09584,2464218.18019,2034 Sep 12,16:19:28,81,429,135,A,-p
09585,2464396.46243,2035 Mar 09,23:05:54,81,435,140,A,n-
09586,2464572.58109,2035 Sep 02,01:56:46,81,441,145,T,p-
09587,2464750.69918,2036 Feb 27,04:46:49,82,447,150,P,t-
09588,2464897.93896,2036 Jul 23,10:32:06,82,452,117,P,-t
09589,2464927.22622,2036 Aug 21,17:25:45,82,453,155,P,t-
09590,2465074.90897,2037 Jan 16,09:48:55,82,458,122,P,-t
09591,2465252.61153,2037 Jul 13,02:40:36,83,464,127,T,-p
09592,2465429.07443,2038 Jan 05,13:47:11,83,470,132,A,-n
09593,2465607.06453,2038 Jul 02,13:32:55,84,476,137,A,nn
09594,2465783.54178,2038 Dec 26,01:00:10,84,482,142,T,n-
09595,2465961.21729,2039 Jun 21,17:12:54,84,488,147,A,p-
09596,2466138.18317,2039 Dec 15,16:23:46,85,494,152,T,p-
09597,2466285.65488,2040 May 11,03:43:02,85,499,119,P,-t
09598,2466463.29794,2040 Nov 04,19:09:02,85,505,124,P,-t
09599,2466639.99469,2041 Apr 30,11:52:21,86,511,129,T,-p
09600,2466817.56692,2041 Oct 25,01:36:22,86,517,134,A,-p
09601,2466994.59549,2042 Apr 20,02:17:30,86,523,139,T,n-
09602,2467171.58382,2042 Oct 14,02:00:42,87,529,144,A,n-
09603,2467349.29015,2043 Apr 09,18:57:49,87,535,149,T+,t-
09604,2467525.62626,2043 Oct 03,03:01:49,88,541,154,A-,t-
09605,2467674.35045,2044 Feb 28,20:24:39,88,546,121,As,-t
09606,2467850.5535,2044 Aug 23,01:17:02,88,552,126,T,-t
09607,2468028.4973,2045 Feb 16,23:56:07,89,558,131,A,-n
09608,2468205.23795,2045 Aug 12,17:42:39,89,564,136,T,-n
09609,2468382.4628,2046 Feb 05,23:06:26,90,570,141,A,p-
09610,2468559.9314,2046 Aug 02,10:21:13,90,576,146,T,p-
09611,2468736.56479,2047 Jan 26,01:33:18,90,582,151,P,t-
09612,2468884.95314,2047 Jun 23,10:52:31,91,587,118,P,-t
09613,2468914.44186,2047 Jul 22,22:36:17,91,588,156,P,t-
09614,2469061.49319,2047 Dec 16,23:50:12,91,593,123,P,-t
09615,2469239.04089,2048 Jun 11,12:58:53,92,599,128,A,-p
09616,2469416.14962,2048 Dec 05,15:35:27,92,605,133,T,-n
09617,2469593.08332,2049 May 31,13:59:59,92,611,138,A,nn
09618,2469770.73181,2049 Nov 25,05:33:48,93,617,143,H,n-
09619,2469947.36308,2050 May 20,20:42:50,94,623,148,H,t-
09620,2470125.06311,2050 Nov 14,13:30:53,95,629,153,P,t-
09621,2470272.59073,2051 Apr 11,02:10:39,95,634,120,P,-t
09622,2470449.37655,2051 Oct 04,21:02:14,96,640,125,P,-t
09623,2470627.27214,2052 Mar 30,18:31:53,97,646,130,T,-n
09624,2470803.48553,2052 Sep 22,23:39:10,98,652,135,A,-p
09625,2470981.79744,2053 Mar 20,07:08:19,99,658,140,A,n-
09626,2471157.89872,2053 Sep 12,09:34:09,100,664,145,T,n-
09627,2471336.02338,2054 Mar 09,12:33:40,101,670,150,P,t-
09628,2471483.2528,2054 Aug 03,18:04:02,102,675,117,Pe,-t
09629,2471512.54831,2054 Sep 02,01:09:34,102,676,155,P,t-
09630,2471660.24589,2055 Jan 27,17:54:05,103,681,122,P,-t
09631,2471837.91516,2055 Jul 24,09:57:50,104,687,127,T,-p
09632,2472014.4283,2056 Jan 16,22:16:45,105,693,132,A,-n
09633,2472192.3486,2056 Jul 12,20:21:59,106,699,137,A,nn
09634,2472368.90824,2057 Jan 05,09:47:52,107,705,142,T,n-
09635,2472546.48628,2057 Jul 01,23:40:15,108,711,147,A,p-
09636,2472723.55179,2057 Dec 26,01:14:35,109,717,152,T,p-
09637,2472870.94404,2058 May 22,10:39:25,110,722,119,P,-t
09638,2472900.5136,2058 Jun 21,00:19:35,110,723,157,Pb,t-
09639,2473048.64105,2058 Nov 16,03:23:07,111,728,124,P,-t
09640,2473225.30713,2059 May 11,19:22:16,112,734,129,T,-p
09641,2473402.88767,2059 Nov 05,09:18:15,113,740,134,A,-p
09642,2473579.92361,2060 Apr 30,10:10:00,114,746,139,T,n-
09643,2473756.89178,2060 Oct 24,09:24:10,115,752,144,A,nn
09644,2473934.62279,2061 Apr 20,02:56:49,116,758,149,T,t-
09645,2474110.939,2061 Oct 13,10:32:10,117,764,154,A,t-
09646,2474259.68491,2062 Mar 11,04:26:16,118,769,121,P,-t
09647,2474435.87115,2062 Sep 03,08:54:27,119,775,126,P,-t
09648,2474613.82188,2063 Feb 28,07:43:30,120,781,131,A,-p
09649,2474790.55707,2063 Aug 24,01:22:11,121,787,136,T,-n
09650,2474967.79193,2064 Feb 17,07:00:23,122,793,141,A,p-
09651,2475145.24035,2064 Aug 12,17:46:06,123,799,146,T,p-
09652,2475321.91141,2065 Feb 05,09:52:26,124,805,151,P,t-
09653,2475470.23185,2065 Jul 03,17:33:52,125,810,118,P,-t
09654,2475499.73214,2065 Aug 02,05:34:17,125,811,156,P,t-
09655,2475646.86106,2065 Dec 27,08:39:56,126,816,123,P,-t
09656,2475824.30958,2066 Jun 22,19:25:48,127,822,128,A,-p
09657,2476001.51644,2066 Dec 17,00:23:40,128,828,133,T,-n
09658,2476178.3628,2067 Jun 11,20:42:26,129,834,138,A,nn
09659,2476356.08591,2067 Dec 06,14:03:43,130,840,143,H,n-
09660,2476532.66434,2068 May 31,03:56:39,131,846,148,T,p-
09661,2476710.39757,2068 Nov 24,21:32:30,132,852,153,P,t-
09662,2476857.92441,2069 Apr 21,10:11:09,133,857,120,P,-t
09663,2476887.24535,2069 May 20,17:53:18,133,858,158,Pb,t-
09664,2477034.68051,2069 Oct 15,04:19:56,134,863,125,P,-t
09665,2477212.60844,2070 Apr 11,02:36:09,135,869,130,T,-n
09666,2477388.79788,2070 Oct 04,07:08:57,136,875,135,A,-p
09667,2477567.12576,2071 Mar 31,15:01:06,138,881,140,A,n-
09668,2477743.22255,2071 Sep 23,17:20:28,139,887,145,T,n-
09669,2477921.34064,2072 Mar 19,20:10:31,140,893,150,P,t-
09670,2478097.87454,2072 Sep 12,08:59:20,141,899,155,T,t-
09671,2478245.58054,2073 Feb 07,01:55:59,142,904,122,P,-t
09672,2478423.21902,2073 Aug 03,17:15:23,143,910,127,T,-t
09673,2478599.78073,2074 Jan 27,06:44:15,144,916,132,A,-n
09674,2478777.63231,2074 Jul 24,03:10:32,145,922,137,A,nn
09675,2478954.27505,2075 Jan 16,18:36:04,146,928,142,T,n-
09676,2479131.75398,2075 Jul 13,06:05:44,147,934,147,A,p-
09677,2479308.92184,2076 Jan 06,10:07:27,148,940,152,T,p-
09678,2479456.23012,2076 Jun 01,17:31:22,149,945,119,P,-t
09679,2479485.78522,2076 Jul 01,06:50:43,149,946,157,P,t-
09680,2479633.98821,2076 Nov 26,11:43:01,150,951,124,P,-t
09681,2479810.61534,2077 May 22,02:46:05,151,957,129,T,-p
09682,2479988.21384,2077 Nov 15,17:07:56,152,963,134,A,-p
09683,2480165.24786,2078 May 11,17:56:55,153,969,139,T,n-
09684,2480342.20537,2078 Nov 04,16:55:44,154,975,144,A,nn
09685,2480519.95154,2079 May 01,10:50:13,155,981,149,T,p-
09686,2480696.25788,2079 Oct 24,18:11:21,156,987,154,A,t-
09687,2480845.01406,2080 Mar 21,12:20:15,157,992,121,P,-t
09688,2481021.19316,2080 Sep 13,16:38:09,158,998,126,P,-t
09689,2481199.14133,2081 Mar 10,15:23:31,159,1004,131,A,-p
09690,2481375.88022,2081 Sep 03,09:07:31,160,1010,136,T,-n
09691,2481553.11597,2082 Feb 27,14:47:00,162,1016,141,A,p-
09692,2481730.55302,2082 Aug 24,01:16:21,163,1022,146,T,n-
09693,2481907.25458,2083 Feb 16,18:06:36,164,1028,151,P,t-
09694,2482055.50999,2083 Jul 15,00:14:23,165,1033,118,Pe,-t
09695,2482085.02409,2083 Aug 13,12:34:41,165,1034,156,P,t-
09696,2482232.22944,2084 Jan 07,17:30:24,166,1039,123,P,-t
09697,2482409.57669,2084 Jul 03,01:50:26,167,1045,128,A,-p
09698,2482586.88458,2084 Dec 27,09:13:48,168,1051,133,T,-n
09699,2482763.63977,2085 Jun 22,03:21:16,169,1057,138,A,nn
09700,2482941.44292,2085 Dec 16,22:37:48,170,1063,143,A,n-
09701,2483117.96336,2086 Jun 11,11:07:14,171,1069,148,T,p-
09702,2483295.73536,2086 Dec 06,05:38:55,172,1075,153,P,p-
09703,2483443.25326,2087 May 02,18:04:42,173,1080,120,P,-t
09704,2483472.56058,2087 Jun 01,01:27:14,173,1081,158,P,t-
09705,2483619.99094,2087 Oct 26,11:46:57,174,1086,125,P,-t
09706,2483797.93876,2088 Apr 21,10:31:49,175,1092,130,T,-p
09707,2483974.11672,2088 Oct 14,14:48:05,177,1098,135,A,-p
09708,2484152.44771,2089 Apr 10,22:44:42,178,1104,140,A,n-
09709,2484328.55235,2089 Oct 04,01:15:23,179,1110,145,T,n-
09710,2484506.65148,2090 Mar 31,03:38:08,180,1116,150,P,t-
09711,2484683.20597,2090 Sep 23,16:56:36,181,1122,155,T,t-
09712,2484830.91296,2091 Feb 18,09:54:40,182,1127,122,P,-t
09713,2485008.52411,2091 Aug 15,00:34:43,183,1133,127,T,-t
09714,2485185.13218,2092 Feb 07,15:10:20,184,1139,132,A,-n
09715,2485362.91635,2092 Aug 03,09:59:33,185,1145,137,A,nn
09716,2485539.64046,2093 Jan 27,03:22:16,186,1151,142,T,n-
09717,2485717.02227,2093 Jul 23,12:32:04,187,1157,147,A,p-
09718,2485894.29101,2094 Jan 16,18:59:03,189,1163,152,T,p-
09719,2486041.51541,2094 Jun 13,00:22:11,190,1168,119,P,-t
09720,2486071.05874,2094 Jul 12,13:24:35,190,1169,157,P,t-
09721,2486219.33745,2094 Dec 07,20:05:56,191,1174,124,P,-t
09722,2486395.92199,2095 Jun 02,10:07:40,192,1180,129,T,-p
09723,2486573.54372,2095 Nov 27,01:02:57,193,1186,134,A,-p
09724,2486750.56752,2096 May 22,01:37:14,194,1192,139,T,nn
09725,2486927.52517,2096 Nov 15,00:36:15,195,1198,144,A,nn
09726,2487105.27397,2097 May 11,18:34:31,196,1204,149,T,p-
09727,2487281.58432,2097 Nov 04,02:01:25,197,1210,154,A,t-
09728,2487430.33508,2098 Apr 01,20:02:31,198,1215,121,P,-t
09729,2487606.52171,2098 Sep 25,00:31:16,199,1221,126,P,-t
09730,2487635.94179,2098 Oct 24,10:36:11,200,1222,164,Pb,t-
09731,2487784.45454,2099 Mar 21,22:54:32,201,1227,131,A,-p
09732,2487961.20686,2099 Sep 14,16:57:53,202,1233,136,T,-n